<?xml version="1.0" encoding="UTF-8"?>
<skin>
	<!-- Movie_Player -->
	<screen name="MoviePlayer" title="InfoBar" position="fill" backgroundColor="transparent" flags="wfNoBorder">
		<ePixmap pixmap="PLi-HD-FullNight_stein17_Mod/dvr/scale1024.png" position="center,666" size="1024,4" zPosition="1" alphatest="blend" />
		<widget source="session.CurrentService" render="PositionGauge" position="center,661" size="1024,12" transparent="1" zPosition="4" pointer="PLi-HD-FullNight_stein17_Mod/dvr/position_pointer.png:1012,0">
			<convert type="ServicePosition">Gauge</convert>
		</widget>
		<widget source="session.CurrentService" render="Label" position="138,625" size="90,25" foregroundColor="foreground" backgroundColor="black" borderWidth="2" borderColor="black" transparent="1" zPosition="4" font="Regular;22" valign="center" halign="left">
			<convert type="ServicePosition">Position</convert>
		</widget>
		<widget source="session.CurrentService" render="Label" position="460,684" size="80,30" halign="right" valign="center" foregroundColor="foreground" backgroundColor="black" borderWidth="2" borderColor="black" transparent="1" font="Regular; 24">
			<convert type="ServicePosition">Length</convert>
		</widget>
		<widget source="session.CurrentService" render="Label" position="1027,625" size="117,25" foregroundColor="foreground" backgroundColor="black" borderWidth="2" borderColor="black" transparent="1" zPosition="4" font="Regular;22" valign="center" halign="right">
			<convert type="ServicePosition">Remaining,Negate</convert>
		</widget>
		<widget source="session.CurrentService" render="Label" position="160,685" size="80,30" zPosition="2" foregroundColor="foreground" backgroundColor="black" borderWidth="2" borderColor="black" transparent="1" font="Regular; 24" halign="right">
			<convert type="ServiceInfo">VideoWidth</convert>
		</widget>
		<widget source="session.CurrentService" render="Label" position="270,685" size="80,30" zPosition="2" foregroundColor="foreground" backgroundColor="black" borderWidth="2" borderColor="black" transparent="1" font="Regular; 24" halign="left">
			<convert type="ServiceInfo">VideoHeight</convert>
		</widget>
		<eLabel text="x" position="240,685" size="30,30" zPosition="2" foregroundColor="foreground" backgroundColor="black" borderWidth="2" borderColor="black" transparent="1" font="Regular; 24" halign="center" />
		<widget source="global.CurrentTime" render="Label" borderWidth="1" position="15,587" size="360,30" backgroundColor="background" noWrap="1" transparent="1" zPosition="1" foregroundColor="foreground" font="Regular;16" valign="center">
			<convert type="ClockToText">Date</convert>
		</widget>
		<widget source="global.CurrentTime" render="Label" borderWidth="2" position="15,621" size="69,30" backgroundColor="secondBG" noWrap="1" transparent="1" zPosition="1" foregroundColor="white" font="Regular;25" valign="bottom">
			<convert type="ClockToText">Format:%H:%M</convert>
		</widget>
		<widget source="global.CurrentTime" render="Label" borderWidth="2" position="79,621" size="37,29" backgroundColor="secondBG" noWrap="1" transparent="1" zPosition="1" foregroundColor="white" font="Regular;20" valign="bottom">
			<convert type="ClockToText">Format::%S</convert>
		</widget>
		<widget source="session.CurrentService" render="Label" halign="right" position="545,685" size="80,30" foregroundColor="foreground" backgroundColor="black" borderWidth="2" borderColor="black" transparent="1" font="Regular; 24">
			<convert type="PliModServiceTime">StartTime</convert>
		</widget>
		<eLabel halign="center" position="center,685" size="30,30" text="-" foregroundColor="foreground" backgroundColor="black" borderWidth="2" borderColor="black" transparent="1" font="Regular; 24" />
		<widget source="session.CurrentService" render="Label" halign="left" position="655,685" size="80,30" foregroundColor="foreground" backgroundColor="black" borderWidth="2" borderColor="black" transparent="1" font="Regular; 24">
			<convert type="PliModServiceTime">EndTime</convert>
		</widget>
		<widget source="session.RecordState" render="Pixmap" position="128,689" size="20,20" pixmap="PLi-HD-FullNight_stein17_Mod/icons/rec.png" zPosition="5" alphatest="blend">
			<convert type="ConditionalShowHide">Blink</convert>
		</widget>
		<widget source="session.CurrentService" render="Pixmap" pixmap="PLi-HD-FullNight_stein17_Mod/icons/ico_format_16-9.png" position="1100,685" size="48,28" zPosition="2" alphatest="blend">
			<convert type="ServiceInfo">IsWidescreen</convert>
			<convert type="ConditionalShowHide" />
		</widget>
		<widget source="session.CurrentService" render="Pixmap" pixmap="PLi-HD-FullNight_stein17_Mod/icons/ico_format_4-3.png" position="1100,685" size="47,28" zPosition="2" alphatest="blend">
			<convert type="ServiceInfo">IsNotWidescreen</convert>
			<convert type="ConditionalShowHide" />
		</widget>
		<widget source="session.CurrentService" render="Pixmap" pixmap="PLi-HD-FullNight_stein17_Mod/icons/ico_resolution_sd.png" position="1040,685" size="46,28" zPosition="4" alphatest="blend">
			<convert type="ServiceInfo">VideoHeight</convert>
			<convert type="ValueRange">0,719</convert>
			<convert type="ConditionalShowHide" />
		</widget>
		<widget source="session.CurrentService" render="Pixmap" pixmap="PLi-HD-FullNight_stein17_Mod/icons/ico_resolution_hd.png" position="1040,685" size="46,28" zPosition="4" alphatest="blend">
			<convert type="ServiceInfo">VideoHeight</convert>
			<convert type="ValueRange">720,1079</convert>
			<convert type="ConditionalShowHide" />
		</widget>
		<widget source="session.CurrentService" render="Pixmap" pixmap="PLi-HD-FullNight_stein17_Mod/icons/ico_resolution_fhd.png" position="1040,685" size="46,28" zPosition="4" alphatest="blend">
			<convert type="ServiceInfo">VideoHeight</convert>
			<convert type="ValueRange">721,1080</convert>
			<convert type="ConditionalShowHide" />
		</widget>
		<widget source="session.CurrentService" render="Pixmap" pixmap="PLi-HD-FullNight_stein17_Mod/icons/ico_resolution_4k.png" position="1040,685" size="46,28" zPosition="4" alphatest="blend">
			<convert type="ServiceInfo">VideoHeight</convert>
			<convert type="ValueRange">1081,5000</convert>
			<convert type="ConditionalShowHide" />
		</widget>
		<widget source="session.CurrentService" render="Pixmap" pixmap="PLi-HD-FullNight_stein17_Mod/icons/ico_dolby_on.png" position="980,685" size="46,28" zPosition="2" alphatest="blend">
			<convert type="ServiceInfo">IsMultichannel</convert>
			<convert type="ConditionalShowHide" />
		</widget>
		<widget source="session.CurrentService" render="Pixmap" pixmap="PLi-HD-FullNight_stein17_Mod/icons/ico_dolby_off.png" position="980,685" size="46,28" zPosition="1" alphatest="blend">
			<convert type="ServiceInfo">IsStereo</convert>
			<convert type="ConditionalShowHide" />
		</widget>
		<widget source="session.CurrentService" render="PliModRunningText" options="movetype=running,startdelay=1800,steptime=60,step=2,direction=left,startpoint=0,wrap=1,always=0,repeat=2,oneshot=1" position="230,620" size="820,32" font="Regular;25" zPosition="1" foregroundColor="foreground" backgroundColor="black" borderWidth="2" borderColor="black" transparent="1" valign="center" halign="center">
			<convert type="ServiceName">Name</convert>
		</widget>
		<widget source="session.CurrentService" render="Picon" position="15,656" zPosition="4" size="100,60" transparent="12" alphatest="blend">
			<convert type="MovieReference" />
		</widget>
		<widget render="Cover" source="session.CurrentService" zPosition="4" alphatest="on" position="1173,572" size="100,140" />
		<ePixmap alphatest="off" pixmap="PLi-HD-FullNight_stein17_Mod/infobar/hd.png" position="0,540" size="1280,220" zPosition="-1" />
	</screen>
</skin>