<skin>
   <!-- Mini_Weather_Icons_E2 -->
        <!--  OA_Mini_Weather_Infobar_Icons-->
<screen name="template_mini_weather_icons_right">
      <widget alphatest="blend" render="OAWeatherPixmap" position="973,490" size="52,52" source="session.OAWeather" transparent="1" zPosition="2">
    <convert type="OAWeather">weathericon,current,/usr/share/enigma2/PLi-HD-FullNight_stein17_Mod/msn_weather_icons/WetterIcons_E2/,png</convert>
  </widget>
  <widget alphatest="blend" render="OAWeatherPixmap" position="1145,490" size="52,52" source="session.OAWeather" transparent="1" zPosition="5">
    <convert type="OAWeather">weathericon,day1,/usr/share/enigma2/PLi-HD-FullNight_stein17_Mod/msn_weather_icons/WetterIcons_E2/,png</convert>
  </widget>
   </screen>
   
      <screen name="template_mini_weather_icons_top_right">

        <widget alphatest="blend" render="OAWeatherPixmap" position="963,30" size="52,52" source="session.OAWeather" transparent="1" zPosition="2">
    <convert type="OAWeather">weathericon,current,/usr/share/enigma2/PLi-HD-FullNight_stein17_Mod/msn_weather_icons/WeatherIcons_E2/,png</convert>
  </widget>
  <widget alphatest="blend" render="OAWeatherPixmap" position="1135,30" size="52,52" source="session.OAWeather" transparent="1" zPosition="5">
    <convert type="OAWeather">weathericon,day1,/usr/share/enigma2/PLi-HD-FullNight_stein17_Mod/msn_weather_icons/WeatherIcons_E2/,png</convert>
  </widget>
   </screen>
   
        <!--  OA_Mini_Weather_Infobar_Icons-->
<screen name="template_mini_weather_icons_top">
        <widget alphatest="blend" render="OAWeatherPixmap" position="23,30" size="52,52" source="session.OAWeather" transparent="1" zPosition="2">
    <convert type="OAWeather">weathericon,current,/usr/share/enigma2/PLi-HD-FullNight_stein17_Mod/msn_weather_icons/WetterIcons_E2/,png</convert>
  </widget>
  <widget alphatest="blend" render="OAWeatherPixmap" position="195,30" size="52,52" source="session.OAWeather" transparent="1" zPosition="5">
    <convert type="OAWeather">weathericon,day1,/usr/share/enigma2/PLi-HD-FullNight_stein17_Mod/msn_weather_icons/WetterIcons_E2/,png</convert>
  </widget>
   </screen>
     <screen name="template_weather_icons">
    <widget alphatest="blend" render="OAWeatherPixmap" position="390,32" size="52,52" source="session.OAWeather" transparent="1" zPosition="2">
      <convert type="OAWeather">weathericon,current,/usr/share/enigma2/PLi-HD-FullNight_stein17_Mod/msn_weather_icons/WetterIcons_E2/,png</convert>
    </widget>
	   <widget alphatest="blend" render="OAWeatherPixmap" position="543,32" size="52,52" source="session.OAWeather" transparent="1" zPosition="5">
      <convert type="OAWeather">weathericon,day1,/usr/share/enigma2/PLi-HD-FullNight_stein17_Mod/msn_weather_icons/WetterIcons_E2/,png</convert>
    </widget>
	    <widget alphatest="blend" render="OAWeatherPixmap" position="697,32" size="52,52" source="session.OAWeather" transparent="1" zPosition="5">
      <convert type="OAWeather">weathericon,day2,/usr/share/enigma2/PLi-HD-FullNight_stein17_Mod/msn_weather_icons/WetterIcons_E2/,png</convert>
    </widget>
	    <widget alphatest="blend" render="OAWeatherPixmap" position="850,32" size="52,52" source="session.OAWeather" transparent="1" zPosition="5">
      <convert type="OAWeather">weathericon,day3,/usr/share/enigma2/PLi-HD-FullNight_stein17_Mod/msn_weather_icons/WetterIcons_E2/,png</convert>
    </widget>
	    <widget alphatest="blend" render="OAWeatherPixmap" position="1003,32" size="52,52" source="session.OAWeather" transparent="1" zPosition="5">
      <convert type="OAWeather">weathericon,day4,/usr/share/enigma2/PLi-HD-FullNight_stein17_Mod/msn_weather_icons/WetterIcons_E2/,png</convert>
    </widget>
	    <widget alphatest="blend" render="OAWeatherPixmap" position="1157,32" size="52,52" source="session.OAWeather" transparent="1" zPosition="5">
      <convert type="OAWeather">weathericon,day5,/usr/share/enigma2/PLi-HD-FullNight_stein17_Mod/msn_weather_icons/WetterIcons_E2/,png</convert>
    </widget>
  </screen>
</skin>
