<skin>

    <!-- No Big Mini TV -->	
<!-- 	  <colors>
	<color name="background_Pig_template" value="#ff000000" />
  </colors> -->
  	<!--  Template_Date -->
  <screen name="Template_Date">
    <eLabel position="0,0" size="1280,88" backgroundColor="backgroundtop" zPosition="-1"/>
	<eLabel position="0,675" size="1280,48" backgroundColor="backgroundtop" zPosition="-1" />
	
    <ePixmap pixmap="PLi-HD-FullNight_stein17_Mod/border/smallshadowline.png" position="0,85" size="1280,2" zPosition="2" />
    <ePixmap pixmap="PLi-HD-FullNight_stein17_Mod/border/smallshadowline.png" position="0,675" size="1280,2" zPosition="2"/>
	
     <widget source="global.CurrentTime" render="Label" position="1100,20" size="150,30" transparent="1" zPosition="1" font="Regular;24" valign="center" halign="right">
      <convert type="ClockToText">Format:%H:%M</convert>
    </widget>
    <widget source="global.CurrentTime" render="Label" position="950,53" size="300,24" transparent="1" zPosition="1" font="Regular;16" valign="center" halign="right">
      <convert type="ClockToText">Date</convert>
    </widget>
  </screen>
    <!-- Template_Date_Pig -->
  <screen name="Template_Date_Pig">
  
    <eLabel position="0,0" size="1280,88" backgroundColor="backgroundtop" zPosition="-1"/>
	<eLabel position="0,675" size="1280,48" backgroundColor="backgroundtop" zPosition="-1" />
	
    <ePixmap pixmap="PLi-HD-FullNight_stein17_Mod/border/smallshadowline.png" position="0,85" size="1280,2" zPosition="2" />
    <ePixmap pixmap="PLi-HD-FullNight_stein17_Mod/border/smallshadowline.png" position="0,675" size="1280,2" zPosition="2"/>
	
     <widget source="global.CurrentTime" render="Label" position="1100,20" size="150,30" foregroundColor="foreground" backgroundColor="background" borderWidth="1" borderColor="black" transparent="1" zPosition="1" font="Regular;24" valign="center" halign="right">
      <convert type="ClockToText">Format:%H:%M</convert>
    </widget>
    <widget source="global.CurrentTime" render="Label" position="950,53" size="300,24" foregroundColor="foreground" backgroundColor="background" borderWidth="1" borderColor="black" transparent="1" zPosition="1" font="Regular;16" valign="center" halign="right">
      <convert type="ClockToText">Date</convert>
    </widget>

	<eLabel position="0,88" size="1280,588" backgroundColor="transpBlack" zPosition="-1" />
	
	<widget source="session.VideoPicture" render="Pig" position="25,98" size="440,248" backgroundColor="transparent" zPosition="2" />
    <widget source="session.CurrentService" render="Label" position="25,98" size="440,20" zPosition="3" foregroundColor="foreground" backgroundColor="background" borderWidth="1" borderColor="black" transparent="1" font="Regular;18" noWrap="1" valign="center" halign="center">
      <convert type="ServiceName">Name</convert>
    </widget>
  </screen>
  
  
  	<!--  Template_Title_Date -->
  <screen name="Template_Title_Date">
    <panel name="Template_Date" />
	<widget source="Title" render="Label" position="25,30" size="1050,40" foregroundColor="foreground" backgroundColor="background" borderWidth="1" borderColor="black" transparent="1" zPosition="1" font="Regular; 27" valign="center" />
  </screen>
	<!-- Template_Title_Date_Pig -->
  <screen name="Template_Title_Date_Pig">
    <eLabel position="0,0" size="1280,88" backgroundColor="backgroundtop" zPosition="-1"/>
	<eLabel position="0,675" size="1280,48" backgroundColor="backgroundtop" zPosition="-1" />
	
    <ePixmap pixmap="PLi-HD-FullNight_stein17_Mod/border/smallshadowline.png" position="0,85" size="1280,2" zPosition="2" />
    <ePixmap pixmap="PLi-HD-FullNight_stein17_Mod/border/smallshadowline.png" position="0,675" size="1280,2" zPosition="2"/>
	
     <widget source="global.CurrentTime" render="Label" position="1100,20" size="150,30" foregroundColor="foreground" backgroundColor="background" borderWidth="1" borderColor="black" transparent="1" zPosition="1" font="Regular;24" valign="center" halign="right">
      <convert type="ClockToText">Format:%H:%M</convert>
    </widget>
	
    <widget source="global.CurrentTime" render="Label" position="950,53" size="300,24" foregroundColor="foreground" backgroundColor="background" borderWidth="1" borderColor="black" transparent="1" zPosition="1" font="Regular;16" valign="center" halign="right">
      <convert type="ClockToText">Date</convert>
    </widget>
	
	<widget source="Title" render="Label" position="25,30" size="1050,40" foregroundColor="foreground" backgroundColor="background" borderWidth="1" borderColor="black" transparent="1" zPosition="1" font="Regular; 27" valign="center" />
	
	<eLabel position="0,88" size="1280,588" backgroundColor="transpBlack" zPosition="-1" />
	
	<widget source="session.VideoPicture" render="Pig" position="25,98" size="440,248" backgroundColor="transparent" zPosition="2" />
    <widget source="session.CurrentService" render="Label" position="25,98" size="440,20" zPosition="3" foregroundColor="foreground" backgroundColor="background" borderWidth="1" borderColor="black" transparent="1" font="Regular;18" noWrap="1" valign="center" halign="center">
      <convert type="ServiceName">Name</convert>
    </widget>
	
  </screen>
  
  
  
        <!-- Foreground -->
<!--   <windowstyle id="0" type="skinned">
    <title offset="20,10" font="Regular;20" />
    <configList entryFont="Regular;20" valueFont="Regular;18" />
    <color name="Background" color="background" />
    <color name="LabelForeground" color="foreground" />
    <color name="ListboxBackground" color="background" />
    <color name="ListboxForeground" color="foreground" />
    <color name="ListboxSelectedBackground" color="selectedBG" />
    <color name="ListboxSelectedForeground" color="selectedFG" />
    <color name="ListboxMarkedBackground" color="selectedBG" />
    <color name="ListboxMarkedForeground" color="grey" />
    <color name="ListboxMarkedAndSelectedBackground" color="selectedBG" />
    <color name="ListboxMarkedAndSelectedForeground" color="selectedFG" />
    <color name="WindowTitleForeground" color="foreground" />
    <color name="WindowTitleBackground" color="background" />
    <color name="ScrollbarForeground" color="ScrollbarForeground" />
    <color name="ScrollbarBorder" color="ScrollbarBorder" />
    <color name="SliderForeground" color="ScrollbarForeground" />
    <color name="SliderBorder" color="ScrollbarBorder" />
    <borderset name="bsWindow">
      <pixmap filename="PLi-HD-FullNight_stein17_Mod/window/top_left_corner.png" pos="bpTopLeft" />
      <pixmap filename="PLi-HD-FullNight_stein17_Mod/window/top_edge.png" pos="bpTop" />
      <pixmap filename="PLi-HD-FullNight_stein17_Mod/window/top_right_corner.png" pos="bpTopRight" />
      <pixmap filename="PLi-HD-FullNight_stein17_Mod/window/left_edge.png" pos="bpLeft" />
      <pixmap filename="PLi-HD-FullNight_stein17_Mod/window/right_edge.png" pos="bpRight" />
      <pixmap filename="PLi-HD-FullNight_stein17_Mod/window/bottom_left_corner.png" pos="bpBottomLeft" />
      <pixmap filename="PLi-HD-FullNight_stein17_Mod/window/bottom_edge.png" pos="bpBottom" />
      <pixmap filename="PLi-HD-FullNight_stein17_Mod/window/bottom_right_corner.png" pos="bpBottomRight" />
    </borderset>
    <borderset name="bsListboxEntry">
      <pixmap filename="PLi-HD-FullNight_stein17_Mod/border/line.png" pos="bpTop" />
      <pixmap filename="PLi-HD-FullNight_stein17_Mod/border/line.png" pos="bpBottom" />
    </borderset>
    <scrolllabel scrollbarWidth="10" scrollbarBorderWidth="1" scrollbarOffset="0" />
    <listbox scrollbarWidth="10" scrollbarBorderWidth="1" pageSize="0" scrollbarOffset="0" />
  </windowstyle> -->
  </skin>
  

    