<?xml version="1.0" encoding="UTF-8"?>
<skin>
	<!-- ChannelSelection More Events -->
	<screen name="ChannelSelection" title="Channel Selection" position="0,0" size="1280,720" flags="wfNoBorder" backgroundColor="transpBlack">
		<ePixmap position="125,687" size="45,26" zPosition="10" pixmap="buttons/epg.png" transparent="1" alphatest="blend" />
		<panel name="TemplateAllColorButtons_Automatic" />
		<panel name="template_menu_info" />
		<panel name="Template_Title_Date" />
		<widget source="session.VideoPicture" render="Pig" position="790,98" size="440,248" backgroundColor="transparent" zPosition="2" />
		<widget source="session.CurrentService" render="Label" position="790,98" size="440,20" zPosition="3" foregroundColor="foreground" backgroundColor="background" borderWidth="1" borderColor="black" transparent="1" font="Regular;18" noWrap="1" valign="center" halign="center">
			<convert type="ServiceName">Name</convert>
		</widget>
		<widget name="list" position="0,98" size="740,530" scrollbarMode="showOnDemand" scrollbarWidth="10" scrollbarBorderWidth="1" scrollbarSliderForegroundColor="ScrollbarForeground" scrollbarSliderBorderColor="ScrollbarBorder" transparent="1" borderWidth="1" borderColor="black" picServiceEventProgressbar="PLi-HD-FullNight_stein17_Mod/window/progress.png" serviceItemHeight="28" serviceNumberFont="Regular;22" serviceNameFont="Regular;22" serviceInfoFont="Regular;20" progressInfoFont="Regular;18" listMarginLeft="5" listMarginRight="22" fieldMargins="5" itemsDistances="5" progressbarHeight="10" progressBarWidth="50" progressbarBorderWidth="1" colorServiceRecorded="red" colorServicePseudoRecorded="blue" colorServiceStreamed="orange" backgroundColor="background" backgroundColorSelected="SliderForeground" foregroundColor="foreground" foregroundColorSelected="selectedFG" colorServiceDescription="yellowsoft" colorServiceDescriptionSelected="grey" colorEventProgressbarBorder="darkgrey" colorEventProgressbarBorderSelected="darkgrey" foregroundColorMarkedSelected="green" foregroundColorServiceNotAvail="#00555555" />
		<widget source="session.CurrentService" render="Label" position="790,348" size="440,22" font="Regular;16" valign="center" halign="center" foregroundColor="grey" backgroundColor="background" borderWidth="1" borderColor="black" transparent="1" zPosition="1">
			<convert type="ServiceName2">TpansponderInfo</convert>
		</widget>
		<widget source="ServiceEvent" render="Label" position="750,370" size="62,22" foregroundColor="foreground" backgroundColor="background" borderWidth="1" borderColor="black" transparent="1" font="Regular;19">
			<convert type="EventTime">StartTime</convert>
			<convert type="ClockToText" />
		</widget>
		<widget source="ServiceEvent" render="Label" position="1108,370" size="62,22" foregroundColor="foreground" backgroundColor="background" borderWidth="1" borderColor="black" transparent="1" font="Regular;19" halign="right">
			<convert type="EventTime">EndTime</convert>
			<convert type="ClockToText" />
		</widget>
		<widget source="ServiceEvent" render="Label" position="1178,370" size="92,22" foregroundColor="foreground" backgroundColor="background" borderWidth="1" borderColor="black" transparent="1" font="Regular;19" halign="right">
			<convert type="EventTime">Remaining</convert>
			<convert type="RemainingToText">InMinutes</convert>
		</widget>
		<widget source="ServiceEvent" render="Progress" pixmap="PLi-HD-FullNight_stein17_Mod/window/progress.png" position="820,375" size="280,12" transparent="1" borderWidth="1" borderColor="darkgrey">
			<convert type="EventTime">Progress</convert>
		</widget>
		<widget source="ServiceEvent" render="Label" position="750,393" size="520,27" backgroundColor="background" borderWidth="1" borderColor="black" transparent="1" foregroundColor="yellowsoft" noWrap="1" font="Regular;20" halign="center">
			<convert type="EventName">Name</convert>
		</widget>
		<widget source="ServiceEvent" render="PliModRunningText" options="movetype=running,startdelay=1600,steptime=60,direction=top,startpoint=0,wrap=1,always=0,repeat=2,oneshot=1" position="750,421" size="520,93" foregroundColor="foreground" backgroundColor="background" borderWidth="1" borderColor="black" transparent="1" font="Regular; 19" halign="left" zPosition="1">
			<convert type="EventName">FullDescription</convert>
		</widget>
		<widget source="ServiceEvent" render="PliModSingleEpgList" position="750,522" size="520,148" backgroundColor="background" borderWidth="1" borderColor="black" transparent="1" foregroundColor="greenlight" noWrap="1" font="Regular;18" />
		<widget source="ServiceEvent" render="PliModRunningText" options="movetype=running,startpoint=0,direction=left,steptime=40,repeat=5,startdelay=900,always=0" position="55,645" size="680,26" font="Regular; 20" foregroundColor="green" backgroundColor="background" borderWidth="1" borderColor="black" transparent="1" zPosition="5" noWrap="1">
			<convert type="PliModPrimeTime">PrimeTime,noDuration</convert>
		</widget>
		<ePixmap position="20,644" size="24,24" zPosition="10" pixmap="PLi-HD-FullNight_stein17_Mod/icons/PTclock.png" transparent="1" alphatest="blend" />
		<ePixmap pixmap="PLi-HD-FullNight_stein17_Mod/border/line_left.png" position="750,516" size="520,2" zPosition="2" />
	</screen>
</skin>