<?xml version="1.0" encoding="UTF-8"?>
<skin>
	<!-- EMC_Movie_Selection_default-->
	<screen name="EMCSelection" position="0,0" size="1280,720" title="Enhanced Movie Center" flags="wfNoBorder" backgroundColor="transpBlack">
		<eLabel text="Enhanced Movie Center" position="25,30" size="385,55" foregroundColor="foreground" backgroundColor="background" borderWidth="1" borderColor="black" transparent="1" zPosition="1" font="Regular;24" valign="center" />
		<widget name="wait" position="30,350" size="760,30" zPosition="1" font="Regular;24" backgroundColor="background" foregroundColor="foreground" halign="center" valign="center" transparent="1" />
		<widget source="Title" render="Label" position="360,43" size="720,30" font="Regular; 20" noWrap="1" backgroundColor="background" foregroundColor="selectedFG" halign="left" transparent="1">
			<convert type="PliModTextfilter">emc_pathinfo</convert>
		</widget>
		<widget source="Service" render="Label" position="825,567" size="280,30" font="Regular;19" halign="left" backgroundColor="background" foregroundColor="selectedFG" transparent="1" noWrap="1">
			<convert type="ServiceTime">StartTime</convert>
			<convert type="EMCClockToText">Date</convert>
		</widget>
		<widget source="Service" render="Label" position="1110,567" size="100,30" font="Regular;19" halign="right" backgroundColor="background" foregroundColor="selectedFG" transparent="1" noWrap="1">
			<convert type="MovieInfo">FileSize</convert>
		</widget>
		<eLabel position="824,129" size="387,219" backgroundColor="background" />
		<widget source="session.VideoPicture" render="Pig" position="825,130" size="385,217" zPosition="3" backgroundColor="transparent" />
		<widget source="session.CurrentService" render="Label" position="825,127" size="388,30" zPosition="4" font="Regular;18" halign="center" valign="center" noWrap="1" backgroundColor="transparent" foregroundColor="white" borderColor="black" borderWidth="1" transparent="1">
			<convert type="ServiceName">Name</convert>
		</widget>
		<eLabel position="825,369" size="385,1" backgroundColor="grey" />
		<eLabel position="20,515" size="775,1" backgroundColor="grey" />
		<widget name="list" position="15,89" size="785,425" itemHeight="25" CoolFont="Regular;18" CoolSelectFont="Regular;18" CoolDateFont="Regular;11" CoolSelNumTxtWidth="26" CoolProgressPos="650" CoolProgressHPos="7" CoolIconPos="4" CoolIconHPos="1" CoolIconSize="26,22" CoolBarPos="680" CoolBarHPos="18" CoolBarSize="90,6" CoolBarSizeSa="90,6" CoolMoviePos="41" CoolMovieHPos="1" CoolMovieSize="600" CoolFolderSize="580" CoolDatePos="680" CoolDateHPos="1" CoolDateWidth="90" CoolPiconPos="41" CoolPiconHPos="1" CoolPiconWidth="40" CoolPiconHeight="22" CoolMoviePiconPos="90" CoolMoviePiconSize="550" CoolCSWidth="130" CoolDirInfoWidth="130" CoolCSPos="635" CoolTitleColor="1" CoolDateColor="1" CoolHighlightColor="1" DefaultColor="foreground" TitleColor="foreground" DateColor="green" UnwatchedColor="foreground" WatchingColor="#D8C100" FinishedColor="#5FA816" RecordingColor="#E51400" BackColor="background" FrontColorSel="selectedFG" foregroundColorSelected="selectedFG" backgroundColor="background" foregroundColor="foreground" scrollbarMode="showOnDemand" scrollbarWidth="10" scrollbarBorderWidth="1" scrollbarSliderForegroundColor="ScrollbarForeground" scrollbarSliderBorderColor="ScrollbarBorder" transparent="1" />
		<widget source="Service" render="PliModRunningText" options="movetype=running,startdelay=1200,steptime=60,direction=top,startpoint=0,wrap=1,always=0,repeat=2,oneshot=1" position="15,519" size="785,156" font="Regular;19" backgroundColor="background" foregroundColor="foreground" transparent="1" halign="left" valign="top">
			<convert type="EventName">FullDescription</convert>
		</widget>
		<widget source="Service" render="Label" position="930,389" size="280,55" valign="center" halign="center" font="Regular;22" backgroundColor="background" foregroundColor="foreground" transparent="1">
			<convert type="EventName">Name</convert>
		</widget>
		<widget source="Service" render="Label" position="1030,475" size="240,55" font="Regular;20" valign="center" halign="left" backgroundColor="background" foregroundColor="foreground" transparent="1">
			<convert type="MovieInfo">RecordServiceName</convert>
		</widget>
		<widget source="Service" render="Label" position="825,540" size="55,25" font="Regular;20" halign="left" backgroundColor="background" foregroundColor="selectedFG" transparent="1">
			<convert type="ServiceTime">StartTime</convert>
			<convert type="EMCClockToText">Format:%H:%M</convert>
		</widget>
		<widget source="Service" render="Label" position="885,540" size="75,25" font="Regular;20" backgroundColor="background" foregroundColor="selectedFG" transparent="1">
			<convert type="ServiceTime">EndTime</convert>
			<convert type="EMCClockToText">Format:-  %H:%M</convert>
		</widget>
		<widget source="Service" render="Label" position="1110,540" size="100,25" font="Regular;20" halign="right" backgroundColor="background" foregroundColor="selectedFG" transparent="1">
			<convert type="ServiceTime">Duration</convert>
			<convert type="EMCClockToText">InMinutes</convert>
		</widget>
		<widget source="Service" render="Picon" position="931,477" zPosition="10" size="89,50" transparent="1" alphatest="blend">
			<convert type="MovieInfo">RecordServiceRef</convert>
		</widget>
		<widget name="Cover" position="825,390" size="100,140" zPosition="4" alphatest="blend" />
		<panel name="template_name_red_o_blue" />
		<panel name="Template_Date" />
		<panel name="template_info_menu_exit" />
	</screen>
	<!-- Movie Selection -->
	<screen name="MovieSelection" title="Movie Selection" position="fill" flags="wfNoBorder" backgroundColor="transpBlack">
		<panel name="Template_Title_Date" />
		<panel name="TemplateAllColorButtons_Automatic" />
		<panel name="template_menu_info" />
		<widget source="session.VideoPicture" render="Pig" position="25,98" size="440,248" backgroundColor="transparent" zPosition="2" />
		<widget source="session.CurrentService" render="Label" position="25,98" size="440,20" zPosition="3" foregroundColor="foreground" backgroundColor="background" borderWidth="1" borderColor="black" transparent="1" font="Regular;18" noWrap="1" valign="center" halign="center">
			<convert type="ServiceName">Name</convert>
		</widget>
		<widget name="waitingtext" position="530,108" size="740,560" font="Regular;22" halign="center" valign="center" zPosition="4" />
		<widget name="chosenletter" position="530,110" size="740,510" foregroundColor="yellow" font="Regular;75" halign="center" valign="center" transparent="1" zPosition="4" />
		<widget name="list" position="530,92" size="740,575" itemHeight="25" font="Regular;18" scrollbarMode="showOnDemand" scrollbarWidth="10" scrollbarBorderWidth="1" scrollbarSliderForegroundColor="ScrollbarForeground" scrollbarSliderBorderColor="ScrollbarBorder" foregroundColor="foreground" backgroundColor="background" borderWidth="1" borderColor="black" transparent="1" />
		<widget source="Service" render="Label" position="20,377" size="490,46" foregroundColor="selectedFG" font="Regular;19" transparent="1">
			<convert type="MovieInfo">ShortDescription</convert>
		</widget>
		<widget source="Service" render="Label" position="20,430" size="490,183" font="Regular; 20" foregroundColor="grey" valign="center" transparent="1">
			<convert type="EventName">ExtendedDescription</convert>
		</widget>
		<widget source="Service" render="Label" position="80,625" size="70,22" foregroundColor="white" font="Regular; 18" transparent="1">
			<convert type="ServiceTime">Duration</convert>
			<convert type="ClockToText">AsLength</convert>
		</widget>
		<widget source="Service" render="Label" position="20,350" size="140,22" font="Regular; 18" foregroundColor="white" halign="left" transparent="1">
			<convert type="ServiceTime">StartTime</convert>
			<convert type="ClockToText">Format:%a.%d.%b.%Y</convert>
		</widget>
		<widget source="Service" render="Label" position="210,625" size="80,22" transparent="1" foregroundColor="white" font="Regular; 18">
			<convert type="MovieInfo">FileSize</convert>
		</widget>
		<widget source="Service" render="Label" position="220,350" size="295,22" zPosition="1" foregroundColor="white" font="Regular; 18" halign="left" transparent="1">
			<convert type="MovieInfo">RecordServiceName</convert>
		</widget>
		<widget name="movie_sort" pixmaps="PLi-HD-FullNight_stein17_Mod/icons/az.png,PLi-HD-FullNight_stein17_Mod/icons/newtop.png,PLi-HD-FullNight_stein17_Mod/icons/shuffle.png,PLi-HD-FullNight_stein17_Mod/icons/za.png,PLi-HD-FullNight_stein17_Mod/icons/oldtop.png,PLi-HD-FullNight_stein17_Mod/icons/faz.png,PLi-HD-FullNight_stein17_Mod/icons/fza.png" position="1154,692" zPosition="1" size="35,20" transparent="1" alphatest="on" />
		<widget name="movie_off" pixmaps="PLi-HD-FullNight_stein17_Mod/icons/ask.png,PLi-HD-FullNight_stein17_Mod/icons/movielist.png,PLi-HD-FullNight_stein17_Mod/icons/quit.png,PLi-HD-FullNight_stein17_Mod/icons/pause.png,PLi-HD-FullNight_stein17_Mod/icons/playlist.png,PLi-HD-FullNight_stein17_Mod/icons/playlistquit.png,PLi-HD-FullNight_stein17_Mod/icons/loop.png" position="1199,692" zPosition="1" size="35,20" transparent="1" alphatest="on" />
		<widget name="DescriptionBorder" position="0,0" size="0,0" />
		<eLabel text="length" name="" position="20,625" size="60,22" font="Regular; 18" transparent="1" />
		<eLabel text="size" name="" position="155,625" size="55,22" font="Regular; 18" transparent="1" />
		<widget name="freeDiskSpace" position="20,650" size="400,22" font="Regular;18" backgroundColor=" background" valign="center" halign="left" zPosition="2" transparent="1" />
		<widget name="TrashcanSize" position="290,625" size="220,22" font="Regular;18" backgroundColor=" background" valign="center" halign="right" zPosition="2" transparent="1" />
		<ePixmap pixmap="border/line_left.png" position="20,425" size="490,2" zPosition="2" />
		<ePixmap pixmap="border/line_left.png" position="20,619" size="490,2" zPosition="2" />
		<ePixmap pixmap="border/line_left.png" position="20,374" size="490,2" zPosition="2" />
		<widget source="Service" render="Picon" position="170,348" zPosition="14" size="42,25" transparent="12" alphatest="blend">
			<convert type="MovieInfo">RecordServiceRef</convert>
		</widget>
	</screen>
</skin>