<skin>

    <!-- No Big Mini TV 60 Prozent black-->	
  <colors>

	<color name="transpBlack" value="#65000000" /> 						<!-- 60_Prozent transparent_black -->
	<color name="background_Pig_template" value="#65000000" /> 			<!-- 00_Prozent transparent_black -->
	<color name="background_PliFullNight" value="#65000000" /> 			<!-- 60_Prozent transparent_black -->

  </colors>
 
 <windowstyle id="0" type="skinned">
    <title offset="20,10" font="Regular;20" />
    <configList entryFont="Regular;20" valueFont="Regular;18" />
    <color name="Background" color="background" />
    <color name="LabelForeground" color="foreground" />
    <color name="ListboxBackground" color="background" />
    <color name="ListboxForeground" color="foreground" />
    <color name="ListboxSelectedBackground" color="selectedBG" />
    <color name="ListboxSelectedForeground" color="selectedFG" />
    <color name="ListboxMarkedBackground" color="selectedBG" />
    <color name="ListboxMarkedForeground" color="grey" />
    <color name="ListboxMarkedAndSelectedBackground" color="selectedBG" />
    <color name="ListboxMarkedAndSelectedForeground" color="selectedFG" />
    <color name="WindowTitleForeground" color="foreground" />
    <color name="WindowTitleBackground" color="background" />
    <color name="ScrollbarForeground" color="ScrollbarForeground" />
    <color name="ScrollbarBorder" color="ScrollbarBorder" />
    <color name="SliderForeground" color="ScrollbarForeground" />
    <color name="SliderBorder" color="ScrollbarBorder" />
    <borderset name="bsWindow">
      <pixmap filename="PLi-HD-FullNight_stein17_Mod/window/top_left_corner.png" pos="bpTopLeft" />
      <pixmap filename="PLi-HD-FullNight_stein17_Mod/window/top_edge.png" pos="bpTop" />
      <pixmap filename="PLi-HD-FullNight_stein17_Mod/window/top_right_corner.png" pos="bpTopRight" />
      <pixmap filename="PLi-HD-FullNight_stein17_Mod/window/left_edge.png" pos="bpLeft" />
      <pixmap filename="PLi-HD-FullNight_stein17_Mod/window/right_edge.png" pos="bpRight" />
      <pixmap filename="PLi-HD-FullNight_stein17_Mod/window/bottom_left_corner.png" pos="bpBottomLeft" />
      <pixmap filename="PLi-HD-FullNight_stein17_Mod/window/bottom_edge.png" pos="bpBottom" />
      <pixmap filename="PLi-HD-FullNight_stein17_Mod/window/bottom_right_corner.png" pos="bpBottomRight" />
    </borderset>
    <borderset name="bsListboxEntry">
      <pixmap filename="PLi-HD-FullNight_stein17_Mod/border/line.png" pos="bpTop" />
      <pixmap filename="PLi-HD-FullNight_stein17_Mod/border/line.png" pos="bpBottom" />
    </borderset>
    <scrolllabel scrollbarWidth="10" scrollbarBorderWidth="1" scrollbarOffset="0" />
    <listbox scrollbarWidth="10" scrollbarBorderWidth="1" pageSize="0" scrollbarOffset="0" />
  </windowstyle>
  <windowstyle type="skinned" id="1">
    <color name="Background" color="background" />
    <color name="LabelForeground" color="foreground" />
    <color name="ListboxBackground" color="background" />
    <color name="ListboxForeground" color="foreground" />
    <color name="ListboxSelectedBackground" color="selectedBG" />
    <color name="ListboxSelectedForeground" color="selectedFG" />
    <color name="ListboxMarkedBackground" color="selectedBG" />
    <color name="ListboxMarkedForeground" color="grey" />
    <color name="ListboxMarkedAndSelectedBackground" color="selectedBG" />
    <color name="ListboxMarkedAndSelectedForeground" color="selectedFG" />
    <color name="WindowTitleForeground" color="foreground" />
    <color name="WindowTitleBackground" color="background" />
    <color name="ScrollbarForeground" color="ScrollbarForeground" />
    <color name="ScrollbarBorder" color="ScrollbarBorder" />
  </windowstyle>
  </skin>